{
  "WIR_baseline": {
    "success": 14,
    "total": 100,
    "queries": [
      625,
      0,
      702,
      141,
      0,
      902,
      154,
      656,
      571,
      752,
      598,
      156,
      503,
      684,
      723,
      668,
      674,
      906,
      0,
      642,
      0,
      692,
      597,
      658,
      620,
      699,
      632,
      0,
      532,
      90,
      706,
      630,
      149,
      624,
      609,
      872,
      437,
      0,
      437,
      158,
      776,
      95,
      704,
      689,
      714,
      617,
      0,
      213,
      692,
      43,
      185,
      0,
      655,
      620,
      487,
      489,
      720,
      448,
      554,
      741,
      595,
      64,
      680,
      359,
      428,
      581,
      218,
      589,
      683,
      504,
      707,
      636,
      618,
      144,
      584,
      538,
      631,
      906,
      660,
      0,
      639,
      543,
      713,
      627,
      746,
      618,
      553,
      350,
      633,
      652,
      691,
      683,
      135,
      144,
      510,
      569,
      721,
      612,
      145,
      528
    ],
    "perturb_rates": [
      0.0072992700729927005,
      0.006993006993006993,
      0.006535947712418301,
      0.013157894736842105,
      0.006993006993006993,
      0.006802721088435374,
      0.03125,
      0.006666666666666667,
      0.018867924528301886,
      0.007518796992481203,
      0.007194244604316547,
      0.007575757575757576,
      0.007407407407407408,
      0.007751937984496124
    ],
    "asr": 14.000000000000002,
    "avg_queries": 495.78,
    "avg_perturb_rate": 0.010143898811152133,
    "sem_sim": 0.9873
  },
  "AWIR_improved": {
    "success": 14,
    "total": 100,
    "queries": [
      625,
      0,
      702,
      141,
      0,
      902,
      154,
      656,
      571,
      752,
      598,
      156,
      503,
      684,
      723,
      668,
      674,
      906,
      0,
      642,
      0,
      692,
      597,
      658,
      620,
      699,
      632,
      0,
      532,
      80,
      706,
      630,
      149,
      624,
      609,
      872,
      437,
      0,
      437,
      158,
      776,
      95,
      704,
      689,
      714,
      617,
      0,
      213,
      692,
      43,
      175,
      0,
      655,
      620,
      487,
      489,
      720,
      448,
      554,
      741,
      595,
      64,
      680,
      359,
      428,
      581,
      218,
      589,
      683,
      504,
      707,
      636,
      618,
      144,
      584,
      538,
      631,
      906,
      660,
      0,
      639,
      543,
      713,
      627,
      746,
      618,
      553,
      360,
      633,
      652,
      691,
      683,
      135,
      144,
      510,
      569,
      721,
      612,
      145,
      528
    ],
    "perturb_rates": [
      0.0072992700729927005,
      0.006993006993006993,
      0.006535947712418301,
      0.013157894736842105,
      0.006993006993006993,
      0.006802721088435374,
      0.03125,
      0.006666666666666667,
      0.018867924528301886,
      0.007518796992481203,
      0.007194244604316547,
      0.007575757575757576,
      0.007407407407407408,
      0.007751937984496124
    ],
    "asr": 14.000000000000002,
    "avg_queries": 495.68,
    "avg_perturb_rate": 0.010143898811152133,
    "sem_sim": 0.9873
  }
}