{
  "WIR_baseline": {
    "success": 6,
    "total": 50,
    "queries": [
      625,
      0,
      702,
      141,
      0,
      902,
      154,
      656,
      571,
      752,
      598,
      156,
      503,
      684,
      723,
      668,
      674,
      906,
      0,
      642,
      0,
      692,
      597,
      658,
      620,
      699,
      632,
      0,
      532,
      90,
      706,
      630,
      149,
      624,
      609,
      872,
      437,
      0,
      437,
      158,
      776,
      95,
      704,
      689,
      714,
      617,
      0,
      213,
      692,
      182
    ],
    "perturb_rates": [
      0.0072992700729927005,
      0.006993006993006993,
      0.006535947712418301,
      0.013157894736842105,
      0.006993006993006993,
      0.006802721088435374
    ],
    "asr": 12.0,
    "avg_queries": 477.62,
    "avg_perturb_rate": 0.007963641266117078,
    "sem_sim": 0.9848
  },
  "AWIR_improved": {
    "success": 6,
    "total": 50,
    "queries": [
      625,
      0,
      702,
      141,
      0,
      902,
      154,
      656,
      571,
      752,
      598,
      156,
      503,
      684,
      723,
      668,
      674,
      906,
      0,
      642,
      0,
      692,
      597,
      658,
      620,
      699,
      632,
      0,
      532,
      80,
      706,
      630,
      149,
      624,
      609,
      872,
      437,
      0,
      437,
      158,
      776,
      95,
      704,
      689,
      714,
      617,
      0,
      213,
      692,
      182
    ],
    "perturb_rates": [
      0.0072992700729927005,
      0.006993006993006993,
      0.006535947712418301,
      0.013157894736842105,
      0.006993006993006993,
      0.006802721088435374
    ],
    "asr": 12.0,
    "avg_queries": 477.42,
    "avg_perturb_rate": 0.007963641266117078,
    "sem_sim": 0.9848
  }
}